provider_id,specialty,region,network_status,review_score,priority_band,review_reasons,claim_count,unique_members,total_allowed,avg_allowed,claims_per_member,repeat_pattern_share,high_intensity_share,claim_volume_change_pct,allowed_change_pct,associated_review_spend
P0296,Radiology,South,In Network,77.7,Very High,COST_ABOVE_SPECIALTY_PEERS; CLAIM_FREQUENCY_ABOVE_PEERS; HIGH_INTENSITY_MIX; SUDDEN_BEHAVIOR_CHANGE; MULTIVARIATE_ANOMALY,189,141,148627.04,786.3864550264551,1.3404255319148937,0.0,0.3544973544973545,276.47058823529414,532.6229555679997,148627.04
P0146,Family Medicine,West,In Network,75.2,Very High,COST_ABOVE_SPECIALTY_PEERS; CLAIM_FREQUENCY_ABOVE_PEERS; HIGH_INTENSITY_MIX; SUDDEN_BEHAVIOR_CHANGE; MULTIVARIATE_ANOMALY,161,114,131843.08,818.9011180124223,1.412280701754386,0.0,0.36024844720496896,266.6666666666667,472.57793008652106,131843.08
P0048,Oncology,Northeast,In Network,63.0,High,COST_ABOVE_SPECIALTY_PEERS; CLAIM_FREQUENCY_ABOVE_PEERS; SUDDEN_BEHAVIOR_CHANGE; MULTIVARIATE_ANOMALY,190,142,138755.72,730.2932631578948,1.3380281690140845,0.010526315789473684,0.23157894736842105,215.0,391.2455409383363,138755.72
P0322,Orthopedics,Northeast,In Network,62.3,High,CLAIM_FREQUENCY_ABOVE_PEERS; SUDDEN_BEHAVIOR_CHANGE; MULTIVARIATE_ANOMALY,317,265,233713.9,737.2678233438486,1.1962264150943396,0.006309148264984227,0.29652996845425866,176.66666666666666,340.3379733046232,233713.9
P0223,Family Medicine,South,In Network,53.6,Moderate,COST_ABOVE_SPECIALTY_PEERS; SUDDEN_BEHAVIOR_CHANGE; MULTIVARIATE_ANOMALY,92,92,107168.59,1164.8759782608695,1.0,0.0,0.29347826086956524,85.71428571428571,255.69634270727093,0.0
P0083,Orthopedics,South,In Network,53.6,Moderate,COST_ABOVE_SPECIALTY_PEERS; CLAIM_FREQUENCY_ABOVE_PEERS; MULTIVARIATE_ANOMALY,967,891,1249165.22,1291.794436401241,1.085297418630752,0.0,0.281282316442606,-2.3255813953488373,-11.478316128920724,0.0
P0062,Emergency Medicine,South,In Network,53.4,Moderate,CLAIM_FREQUENCY_ABOVE_PEERS; SUDDEN_BEHAVIOR_CHANGE; MULTIVARIATE_ANOMALY,342,288,237225.12,693.640701754386,1.1875,0.005847953216374269,0.2134502923976608,212.0,349.8737483829295,0.0
P0312,Family Medicine,West,In Network,52.0,Moderate,COST_ABOVE_SPECIALTY_PEERS; HIGH_INTENSITY_MIX; MULTIVARIATE_ANOMALY,234,228,198072.06,846.4617948717948,1.0263157894736843,0.0,1.0,45.45454545454545,81.5091783904626,0.0
P0197,Dermatology,Midwest,Out of Network,50.8,Moderate,COST_ABOVE_SPECIALTY_PEERS; CLAIM_FREQUENCY_ABOVE_PEERS,596,523,465785.73,781.5196812080536,1.1395793499043978,0.1342281879194631,0.3053691275167785,29.508196721311474,23.88986598724624,0.0
P0233,Neurology,South,In Network,50.2,Moderate,COST_ABOVE_SPECIALTY_PEERS; HIGH_INTENSITY_MIX,193,190,161015.86,834.2790673575129,1.0157894736842106,0.0,1.0,4.0,61.58848409187852,0.0
P0064,Urology,Midwest,In Network,50.0,Moderate,COST_ABOVE_SPECIALTY_PEERS; HIGH_INTENSITY_MIX; MULTIVARIATE_ANOMALY,171,168,164758.9,963.5023391812865,1.0178571428571428,0.0,1.0,-14.285714285714286,-4.414978274753834,0.0
P0033,Gastroenterology,West,In Network,50.0,Moderate,COST_ABOVE_SPECIALTY_PEERS; HIGH_INTENSITY_MIX; MULTIVARIATE_ANOMALY,199,195,179181.38,900.4089447236181,1.0205128205128204,0.0,1.0,-33.333333333333336,-44.09927182814492,0.0
P0256,Emergency Medicine,South,In Network,47.6,Moderate,COST_ABOVE_SPECIALTY_PEERS; MULTIVARIATE_ANOMALY,642,605,810108.74,1261.8516199376947,1.0611570247933884,0.0,0.2897196261682243,6.172839506172839,20.682506644276234,0.0
P0001,Neurology,Northeast,In Network,47.0,Moderate,COST_ABOVE_SPECIALTY_PEERS; HIGH_INTENSITY_MIX; MULTIVARIATE_ANOMALY,300,290,260000.19,866.6673,1.0344827586206897,0.0,1.0,3.0303030303030303,1.2941524831821287,0.0
P0109,Neurology,Midwest,In Network,42.7,Moderate,COST_ABOVE_SPECIALTY_PEERS; MULTIVARIATE_ANOMALY,239,234,292395.88,1223.4137238493724,1.0213675213675213,0.0,0.3179916317991632,3.0303030303030303,45.16143471540648,0.0
P0131,Oncology,South,Out of Network,41.2,Moderate,COST_ABOVE_SPECIALTY_PEERS,463,439,384340.46,830.1089848812095,1.0546697038724373,0.0,0.30885529157667385,1.639344262295082,16.96383530919778,0.0
P0289,Neurology,South,Out of Network,41.0,Moderate,COST_ABOVE_SPECIALTY_PEERS; SUDDEN_BEHAVIOR_CHANGE,90,90,72503.91,805.599,1.0,0.0,0.2111111111111111,100.0,135.68603181747366,0.0
P0193,Orthopedics,South,In Network,40.0,Low,CLAIM_FREQUENCY_ABOVE_PEERS,297,249,208336.71,701.470404040404,1.1927710843373494,0.26936026936026936,0.30976430976430974,18.181818181818183,48.59050766074382,0.0
P0115,Radiology,West,In Network,39.2,Low,COST_ABOVE_SPECIALTY_PEERS; MULTIVARIATE_ANOMALY,489,470,616825.21,1261.4012474437627,1.0404255319148936,0.0,0.24335378323108384,6.0,-32.17388665180619,0.0
P0124,Cardiology,West,Out of Network,36.9,Low,COST_ABOVE_SPECIALTY_PEERS; SUDDEN_BEHAVIOR_CHANGE,189,186,145941.1,772.1751322751323,1.0161290322580645,0.0,0.2751322751322751,100.0,124.37865713049717,0.0
P0042,Radiology,South,In Network,36.6,Low,CLAIM_FREQUENCY_ABOVE_PEERS,242,199,150237.57,620.8164049586777,1.2160804020100502,0.3305785123966942,0.19834710743801653,66.66666666666667,87.24911708328764,0.0
P0086,Neurology,South,Out of Network,36.0,Low,CLAIM_FREQUENCY_ABOVE_PEERS,837,732,623336.97,744.7275627240143,1.1434426229508197,0.0023894862604540022,0.25567502986857826,-15.044247787610619,0.6196789158208301,0.0
P0213,Family Medicine,Midwest,In Network,35.4,Low,COST_ABOVE_SPECIALTY_PEERS,476,455,596251.62,1252.6294537815127,1.0461538461538462,0.0,0.25840336134453784,4.615384615384615,10.06484476477902,0.0
P0334,Urology,South,Out of Network,35.3,Low,COST_ABOVE_SPECIALTY_PEERS,935,861,731823.29,782.698705882353,1.0859465737514518,0.0,0.2898395721925134,14.655172413793103,23.53136646353971,0.0
P0162,Radiology,Midwest,In Network,34.9,Low,CLAIM_FREQUENCY_ABOVE_PEERS; MULTIVARIATE_ANOMALY,182,119,119867.51,658.6126923076923,1.5294117647058822,0.0,0.27472527472527475,-25.925925925925927,-17.077500602328815,0.0
P0250,Neurology,South,In Network,34.1,Low,CLAIM_FREQUENCY_ABOVE_PEERS,266,203,169921.8,638.8037593984961,1.3103448275862069,0.007518796992481203,0.2669172932330827,43.75,58.17162967002445,0.0
P0049,Family Medicine,West,In Network,33.4,Low,CLAIM_FREQUENCY_ABOVE_PEERS,244,198,169313.88,693.9093442622951,1.2323232323232323,0.32786885245901637,0.29508196721311475,-38.888888888888886,-47.60327658468436,0.0
P0110,Dermatology,South,In Network,32.5,Low,SUDDEN_BEHAVIOR_CHANGE,165,161,119477.35,724.1051515151515,1.0248447204968945,0.0,0.3393939393939394,100.0,56.96378133944444,0.0
P0277,Oncology,West,In Network,32.4,Low,SUDDEN_BEHAVIOR_CHANGE,210,207,145543.19,693.0628095238095,1.0144927536231885,0.0,0.3047619047619048,57.89473684210526,183.03304982489183,0.0
P0005,Oncology,West,In Network,31.5,Low,COST_ABOVE_SPECIALTY_PEERS; HIGH_INTENSITY_MIX,76,75,56695.38,745.9918421052631,1.0133333333333334,0.0,0.3815789473684211,-23.076923076923077,-35.058090965031326,0.0
P0151,Dermatology,South,Out of Network,31.0,Low,SUDDEN_BEHAVIOR_CHANGE,93,93,65280.95,701.9456989247311,1.0,0.0,0.25806451612903225,100.0,166.29807562670214,0.0
P0185,Gastroenterology,Northeast,Out of Network,30.8,Low,COST_ABOVE_SPECIALTY_PEERS,161,160,124216.97,771.5339751552796,1.00625,0.0,0.3167701863354037,19.047619047619047,0.9572104962329019,0.0
P0212,Oncology,West,In Network,30.8,Low,SUDDEN_BEHAVIOR_CHANGE,138,137,86383.87,625.9700724637681,1.0072992700729928,0.0,0.3333333333333333,116.66666666666667,173.3554957181412,0.0
P0292,Emergency Medicine,Midwest,Out of Network,30.7,Low,COST_ABOVE_SPECIALTY_PEERS,656,624,505642.82,770.7969817073171,1.0512820512820513,0.0,0.3246951219512195,10.975609756097562,26.609851461446905,0.0
P0157,Radiology,West,Out of Network,30.0,Low,COST_ABOVE_SPECIALTY_PEERS,210,209,177937.64,847.3220952380954,1.0047846889952152,0.0,0.29523809523809524,0.0,-25.1768899438794,0.0
P0161,Orthopedics,South,Out of Network,29.9,Low,COST_ABOVE_SPECIALTY_PEERS,683,645,537458.05,786.9078330893119,1.0589147286821705,0.0,0.25768667642752563,1.0526315789473684,22.773776704378026,0.0
P0135,Urology,Midwest,In Network,29.8,Low,HIGH_INTENSITY_MIX,183,181,134442.64,734.6592349726777,1.011049723756906,0.0,0.3442622950819672,-62.857142857142854,-67.47361871821752,0.0
P0055,Cardiology,South,Out of Network,29.6,Low,COST_ABOVE_SPECIALTY_PEERS,284,279,223162.82,785.7845774647888,1.017921146953405,0.0,0.30985915492957744,29.62962962962963,20.646672930681547,0.0
P0021,Emergency Medicine,South,In Network,28.9,Low,CLAIM_FREQUENCY_ABOVE_PEERS,317,248,208900.48,658.9920504731862,1.278225806451613,0.0,0.26813880126182965,8.108108108108109,8.241095759272305,0.0
P0258,Urology,South,Out of Network,28.7,Low,COST_ABOVE_SPECIALTY_PEERS,541,518,432655.34,799.7326062846581,1.0444015444015444,0.0,0.2698706099815157,20.634920634920636,47.96228341067271,0.0
P0183,Emergency Medicine,Midwest,In Network,28.4,Low,CLAIM_FREQUENCY_ABOVE_PEERS,233,188,152362.54,653.9164806866953,1.2393617021276595,0.34334763948497854,0.27467811158798283,-35.8974358974359,-35.92722388533207,0.0
P0222,Orthopedics,South,Out of Network,28.1,Low,COST_ABOVE_SPECIALTY_PEERS,224,218,182672.68,815.5030357142857,1.0275229357798166,0.0,0.25,33.333333333333336,27.401399974198746,0.0
P0275,Emergency Medicine,Midwest,Out of Network,27.4,Low,LOW_SIGNAL,724,679,547616.34,756.3761602209944,1.0662739322533137,0.0,0.30248618784530384,-7.920792079207921,-13.082612425758313,0.0
P0060,Oncology,South,Out of Network,27.4,Low,COST_ABOVE_SPECIALTY_PEERS,382,371,301942.37,790.425052356021,1.0296495956873315,0.0,0.27486910994764396,-17.391304347826086,-24.712127582681678,0.0
P0085,Oncology,South,Out of Network,27.3,Low,COST_ABOVE_SPECIALTY_PEERS,195,191,156387.86,801.9890256410256,1.0209424083769634,0.0,0.2923076923076923,13.636363636363637,9.664320014919108,0.0
P0272,Dermatology,South,Out of Network,26.5,Low,COST_ABOVE_SPECIALTY_PEERS,880,834,673779.67,765.6587159090909,1.0551558752997603,0.0,0.2761363636363636,0.0,-4.948106833569811,0.0
P0293,Emergency Medicine,Northeast,In Network,25.9,Low,HIGH_INTENSITY_MIX,268,263,194241.86000000002,724.7830597014926,1.0190114068441065,0.0,0.3582089552238806,44.44444444444444,39.14790223786638,0.0
P0111,Cardiology,South,Out of Network,25.8,Low,COST_ABOVE_SPECIALTY_PEERS,185,182,143200.4,774.0562162162162,1.0164835164835164,0.0,0.22702702702702704,-42.857142857142854,-54.401589212414315,0.0
P0325,Gastroenterology,South,Out of Network,25.3,Low,COST_ABOVE_SPECIALTY_PEERS,398,388,306490.9,770.0776381909549,1.0257731958762886,0.0,0.2638190954773869,-32.142857142857146,-23.927246892614846,0.0
P0263,Emergency Medicine,West,In Network,24.6,Low,CLAIM_FREQUENCY_ABOVE_PEERS,1012,891,643622.28,635.990395256917,1.1358024691358024,0.07905138339920949,0.2766798418972332,15.625,27.60263287243818,0.0
P0030,Cardiology,Northeast,In Network,24.4,Low,COST_ABOVE_SPECIALTY_PEERS,356,349,262735.85,738.0220505617976,1.0200573065902578,0.0,0.27808988764044945,40.54054054054054,88.02922491656588,0.0
P0343,Family Medicine,West,In Network,23.2,Low,CLAIM_FREQUENCY_ABOVE_PEERS,828,715,524961.5,634.0114734299517,1.158041958041958,0.0,0.286231884057971,-9.375,-3.574750249875352,0.0
P0346,Urology,Midwest,In Network,23.1,Low,HIGH_INTENSITY_MIX,119,118,73563.01,618.1765546218487,1.0084745762711864,0.0,0.3865546218487395,-60.869565217391305,-58.364817098232635,0.0
P0270,Urology,West,Out of Network,22.7,Low,COST_ABOVE_SPECIALTY_PEERS,389,374,302374.64,777.3126992287918,1.0401069518716577,0.0,0.29562982005141386,-11.11111111111111,-2.213675819239399,0.0
P0261,Gastroenterology,South,In Network,22.5,Low,LOW_SIGNAL,95,94,68637.93,722.5045263157893,1.0106382978723405,0.0,0.3157894736842105,33.333333333333336,-24.2837569651583,0.0
P0201,Cardiology,South,In Network,22.3,Low,CLAIM_FREQUENCY_ABOVE_PEERS,911,832,592908.69,650.8328100987925,1.0949519230769231,0.0,0.283205268935236,-22.900763358778626,-19.08878935135201,0.0
P0082,Cardiology,South,In Network,22.1,Low,LOW_SIGNAL,119,119,85153.06999999999,715.5720168067227,1.0,0.0,0.35294117647058826,13.333333333333334,-3.261002978055415,0.0
P0052,Urology,Northeast,In Network,22.0,Low,CLAIM_FREQUENCY_ABOVE_PEERS,1157,1000,747537.09,646.0994727744165,1.157,0.0,0.26879861711322384,9.21985815602837,5.271132975167437,0.0
P0302,Orthopedics,West,In Network,21.4,Low,CLAIM_FREQUENCY_ABOVE_PEERS,1001,908,634151.49,633.5179720279721,1.1024229074889869,0.0,0.24475524475524477,8.264462809917354,2.0942955868089217,0.0
P0324,Orthopedics,West,Out of Network,21.4,Low,COST_ABOVE_SPECIALTY_PEERS,377,366,299161.9,793.5328912466844,1.030054644808743,0.0,0.246684350132626,6.666666666666667,-19.241272710454048,0.0
P0079,Oncology,Midwest,In Network,21.4,Low,CLAIM_FREQUENCY_ABOVE_PEERS,741,689,490867.95,662.4398785425101,1.0754716981132075,0.0,0.291497975708502,5.555555555555555,8.827556177781322,0.0
P0039,Radiology,Midwest,In Network,21.3,Low,SUDDEN_BEHAVIOR_CHANGE,245,241,147069.05,600.2818367346938,1.016597510373444,0.0,0.1673469387755102,95.0,127.73579448758635,0.0
P0088,Emergency Medicine,South,In Network,21.0,Low,COST_ABOVE_SPECIALTY_PEERS,137,134,107300.77,783.217299270073,1.0223880597014925,0.0,0.29927007299270075,-33.333333333333336,-18.531734786655267,0.0
P0265,Emergency Medicine,Northeast,Out of Network,20.9,Low,LOW_SIGNAL,479,455,365355.89,762.7471607515658,1.0527472527472528,0.0,0.26931106471816285,10.526315789473685,-3.1936238366533467,0.0
P0229,Dermatology,Northeast,Out of Network,20.7,Low,COST_ABOVE_SPECIALTY_PEERS,370,365,275710.4,745.1632432432433,1.0136986301369864,0.0,0.3027027027027027,10.204081632653061,2.0053287201884253,0.0
P0179,Orthopedics,South,Out of Network,20.2,Low,COST_ABOVE_SPECIALTY_PEERS,197,193,153629.39,779.8446192893401,1.0207253886010363,0.0,0.27918781725888325,-25.0,-27.95153529064087,0.0
P0166,Urology,Midwest,In Network,20.2,Low,HIGH_INTENSITY_MIX,183,179,131591.14,719.0772677595629,1.0223463687150838,0.0,0.3333333333333333,-18.181818181818183,-45.38428591515941,0.0
P0008,Family Medicine,South,Out of Network,20.1,Low,LOW_SIGNAL,301,292,237602.41,789.3767774086378,1.0308219178082192,0.0,0.2691029900332226,53.84615384615385,53.74946792239676,0.0
P0219,Oncology,West,In Network,19.9,Low,CLAIM_FREQUENCY_ABOVE_PEERS,782,725,513645.03,656.8350767263428,1.0786206896551724,0.0,0.27877237851662406,-2.0202020202020203,-19.724100709936465,0.0
P0209,Neurology,South,Out of Network,19.8,Low,COST_ABOVE_SPECIALTY_PEERS,482,465,374730.79,777.4497717842323,1.0365591397849463,0.0,0.2697095435684647,-10.0,-11.818121769838502,0.0
P0307,Oncology,Midwest,In Network,19.3,Low,SUDDEN_BEHAVIOR_CHANGE,102,102,69111.49,677.5636274509804,1.0,0.0,0.27450980392156865,77.77777777777777,111.12646216728044,0.0
P0147,Cardiology,South,Out of Network,19.3,Low,COST_ABOVE_SPECIALTY_PEERS,447,428,328292.07,734.4341610738255,1.044392523364486,0.0,0.2684563758389262,0.0,5.793558851522344,0.0
P0320,Gastroenterology,Midwest,In Network,18.8,Low,LOW_SIGNAL,417,397,283092.86,678.8797601918465,1.0503778337531486,0.0,0.2541966426858513,26.53061224489796,59.52362663031676,0.0
P0306,Cardiology,South,In Network,18.7,Low,CLAIM_FREQUENCY_ABOVE_PEERS,550,514,343598.54,624.7246181818182,1.0700389105058365,0.0,0.32,4.615384615384615,-4.653852287120079,0.0
P0220,Radiology,Midwest,Out of Network,18.3,Low,COST_ABOVE_SPECIALTY_PEERS,260,256,198443.31,763.2435,1.015625,0.0,0.25,-44.680851063829785,-49.059093366614185,0.0
P0211,Urology,Midwest,Out of Network,18.1,Low,LOW_SIGNAL,510,479,375270.61,735.8247254901961,1.0647181628392484,0.0,0.26666666666666666,-7.462686567164179,-4.389344977135669,0.0
P0090,Radiology,South,Out of Network,17.9,Low,LOW_SIGNAL,275,269,208127.4,756.8269090909091,1.0223048327137547,0.0,0.21454545454545454,12.5,28.75811311311553,0.0
P0176,Radiology,South,In Network,17.5,Low,CLAIM_FREQUENCY_ABOVE_PEERS,964,874,628149.55,651.6074170124482,1.102974828375286,0.0,0.2717842323651452,10.679611650485437,-14.303484371226713,0.0
P0077,Family Medicine,Midwest,Out of Network,17.3,Low,LOW_SIGNAL,418,400,324143.73,775.4634688995214,1.045,0.0,0.2822966507177033,14.285714285714286,11.995947511458185,0.0
P0181,Radiology,Northeast,In Network,17.1,Low,SUDDEN_BEHAVIOR_CHANGE,224,222,144370.04,644.5091071428571,1.009009009009009,0.0,0.23214285714285715,81.81818181818181,133.51881259804514,0.0
P0348,Urology,West,In Network,16.0,Low,HIGH_INTENSITY_MIX,228,222,147290.48,646.0108771929825,1.027027027027027,0.0,0.36403508771929827,-34.21052631578947,-25.981866861384937,0.0
P0016,Gastroenterology,West,In Network,15.9,Low,LOW_SIGNAL,340,330,226184.41,665.2482647058823,1.0303030303030303,0.0,0.29411764705882354,67.74193548387096,93.83225527475122,0.0
P0214,Dermatology,West,In Network,15.9,Low,LOW_SIGNAL,360,343,250183.0,694.9527777777778,1.0495626822157433,0.0,0.3138888888888889,-6.25,13.040428647453336,0.0
P0063,Oncology,South,In Network,15.5,Low,LOW_SIGNAL,664,628,437801.77,659.340015060241,1.0573248407643312,0.0,0.30120481927710846,-1.2658227848101267,-1.4688341571030135,0.0
P0103,Radiology,South,In Network,15.2,Low,HIGH_INTENSITY_MIX,267,264,171714.61000000002,643.1258801498128,1.0113636363636365,0.0,0.33707865168539325,7.407407407407407,21.77637128412996,0.0
P0191,Neurology,Midwest,In Network,15.2,Low,LOW_SIGNAL,277,270,190413.31,687.4126714801444,1.025925925925926,0.0,0.33212996389891697,63.63636363636363,53.017536254461945,0.0
P0024,Radiology,West,In Network,15.2,Low,LOW_SIGNAL,166,165,117355.0,706.9578313253012,1.006060606060606,0.0,0.29518072289156627,30.0,35.82750017147322,0.0
P0014,Urology,South,In Network,15.0,Low,LOW_SIGNAL,136,136,99496.93,731.5950735294117,1.0,0.0,0.2867647058823529,-31.57894736842105,-23.525283134302757,0.0
P0114,Cardiology,Northeast,In Network,14.9,Low,SUDDEN_BEHAVIOR_CHANGE,162,158,97903.39,604.3419135802469,1.0253164556962024,0.0,0.2716049382716049,58.333333333333336,121.49425329415598,0.0
P0007,Orthopedics,Midwest,Out of Network,14.8,Low,LOW_SIGNAL,70,69,51160.25,730.8607142857143,1.0144927536231885,0.0,0.22857142857142856,-11.11111111111111,37.072797133807576,0.0
P0013,Neurology,South,In Network,14.6,Low,LOW_SIGNAL,451,431,263255.54,583.7151662971174,1.0464037122969838,0.0,0.24168514412416853,45.0,68.20891844799351,0.0
P0074,Neurology,West,In Network,14.3,Low,SUDDEN_BEHAVIOR_CHANGE,141,139,94704.8,671.6652482269503,1.014388489208633,0.0,0.2907801418439716,71.42857142857143,104.54709288725303,0.0
P0317,Gastroenterology,West,In Network,14.1,Low,LOW_SIGNAL,299,284,196918.75,658.5911371237459,1.0528169014084507,0.0,0.25418060200668896,11.428571428571429,46.39649492288766,0.0
P0041,Emergency Medicine,West,In Network,14.1,Low,SUDDEN_BEHAVIOR_CHANGE,118,117,69958.74,592.8706779661018,1.0085470085470085,0.0,0.23728813559322035,0.0,102.31063435865788,0.0
P0262,Neurology,Midwest,In Network,14.0,Low,CLAIM_FREQUENCY_ABOVE_PEERS,918,848,592566.06,645.496797385621,1.0825471698113207,0.0,0.2875816993464052,-1.8691588785046729,6.253444335967641,0.0
P0347,Orthopedics,Northeast,In Network,14.0,Low,LOW_SIGNAL,835,781,534346.32,639.9357125748502,1.0691421254801536,0.0,0.28622754491017965,-13.392857142857142,-34.34993560746626,0.0
P0015,Emergency Medicine,West,In Network,13.7,Low,LOW_SIGNAL,468,438,300945.42,643.0457692307692,1.0684931506849316,0.0,0.26495726495726496,-28.78787878787879,-34.353320169282135,0.0
P0149,Gastroenterology,South,In Network,13.7,Low,CLAIM_FREQUENCY_ABOVE_PEERS,697,653,447506.7,642.0469153515065,1.0673813169984685,0.0,0.28407460545193686,4.545454545454546,-12.40219369435837,0.0
P0187,Urology,South,In Network,13.6,Low,LOW_SIGNAL,581,549,398303.35,685.5479345955249,1.058287795992714,0.0,0.2977624784853701,2.857142857142857,9.725156587287689,0.0
P0199,Cardiology,South,In Network,13.5,Low,LOW_SIGNAL,699,657,440311.95,629.9169527896996,1.0639269406392695,0.0,0.2503576537911302,20.481927710843372,16.800973349126828,0.0
P0335,Urology,West,In Network,13.5,Low,LOW_SIGNAL,224,221,142187.74,634.7666964285714,1.0135746606334841,0.0,0.26339285714285715,93.75,95.43355263816704,0.0
P0066,Emergency Medicine,South,In Network,13.4,Low,LOW_SIGNAL,475,453,325639.44,685.5567157894737,1.0485651214128036,0.0,0.3094736842105263,-16.666666666666668,-5.454890576820441,0.0
P0202,Family Medicine,South,In Network,13.4,Low,LOW_SIGNAL,506,479,340273.98,672.4782213438734,1.0563674321503131,0.0,0.2865612648221344,25.423728813559322,54.83078081744808,0.0
P0010,Radiology,South,In Network,13.2,Low,LOW_SIGNAL,524,499,324746.59,619.7454007633588,1.0501002004008015,0.0,0.2538167938931298,39.62264150943396,74.17226711563175,0.0
P0125,Radiology,Midwest,In Network,13.0,Low,HIGH_INTENSITY_MIX,180,176,118323.74,657.3541111111111,1.0227272727272727,0.0,0.3333333333333333,-7.142857142857143,6.620041171149023,0.0
P0158,Emergency Medicine,Midwest,In Network,13.0,Low,LOW_SIGNAL,150,146,105460.91,703.0727333333333,1.0273972602739727,0.0,0.30666666666666664,-48.275862068965516,-51.98605510064017,0.0
P0100,Neurology,Midwest,In Network,12.9,Low,LOW_SIGNAL,440,415,295622.54,671.869409090909,1.0602409638554218,0.0,0.31136363636363634,20.37037037037037,5.582246785073586,0.0
P0173,Emergency Medicine,South,In Network,12.9,Low,LOW_SIGNAL,152,152,103148.77,678.6103289473684,1.0,0.0,0.2894736842105263,66.66666666666667,43.1515129446892,0.0
P0164,Oncology,West,In Network,12.7,Low,LOW_SIGNAL,334,327,233810.86,700.0325149700599,1.0214067278287462,0.0,0.3083832335329341,-7.317073170731708,-6.76823191047072,0.0
P0138,Urology,South,In Network,12.5,Low,LOW_SIGNAL,136,135,95329.56,700.9526470588235,1.0074074074074073,0.0,0.25,6.25,52.634961573260384,0.0
P0336,Orthopedics,South,In Network,12.4,Low,LOW_SIGNAL,482,453,316255.34,656.1314107883818,1.0640176600441502,0.0,0.2697095435684647,7.2727272727272725,32.96865757946881,0.0
P0310,Gastroenterology,West,In Network,12.3,Low,LOW_SIGNAL,90,90,54595.78,606.6197777777778,1.0,0.0,0.23333333333333334,44.44444444444444,69.49597570749657,0.0
P0192,Dermatology,West,Out of Network,12.3,Low,LOW_SIGNAL,349,338,244842.75,701.5551575931232,1.032544378698225,0.0,0.24641833810888253,-27.083333333333332,-51.899981532779314,0.0
P0210,Emergency Medicine,South,Out of Network,12.2,Low,LOW_SIGNAL,309,298,227204.09,735.2883171521036,1.0369127516778522,0.0,0.2621359223300971,9.523809523809524,-6.70700660503706,0.0
P0163,Orthopedics,South,In Network,12.2,Low,LOW_SIGNAL,439,420,275828.17,628.3101822323462,1.0452380952380953,0.0,0.26651480637813213,45.45454545454545,67.69863008855502,0.0
P0207,Family Medicine,Northeast,Out of Network,12.1,Low,LOW_SIGNAL,302,287,220307.49,729.495,1.0522648083623694,0.0,0.24503311258278146,-2.4390243902439024,7.753616910681797,0.0
P0280,Family Medicine,West,In Network,12.0,Low,LOW_SIGNAL,114,113,79194.26,694.6864912280702,1.008849557522124,0.0,0.23684210526315788,50.0,68.52237246635062,0.0
P0022,Orthopedics,Northeast,In Network,11.8,Low,LOW_SIGNAL,313,303,209808.19,670.3137060702876,1.033003300330033,0.0,0.31309904153354634,17.94871794871795,52.41777077053665,0.0
P0189,Dermatology,South,In Network,11.8,Low,LOW_SIGNAL,278,269,192867.38,693.7675539568346,1.033457249070632,0.0,0.302158273381295,-34.78260869565217,-35.76431037724052,0.0
P0071,Radiology,West,In Network,11.8,Low,LOW_SIGNAL,215,212,158307.57,736.3142790697675,1.0141509433962264,0.0,0.2651162790697674,-9.090909090909092,-38.9203622593383,0.0
P0116,Gastroenterology,South,Out of Network,11.6,Low,LOW_SIGNAL,259,257,182598.61000000002,705.0139382239382,1.0077821011673151,0.0,0.2625482625482625,2.9411764705882355,-16.85896082967697,0.0
P0291,Emergency Medicine,South,In Network,11.5,Low,LOW_SIGNAL,235,227,139106.22,591.9413617021277,1.0352422907488987,0.0,0.2765957446808511,31.818181818181817,76.54015928951318,0.0
P0349,Dermatology,Northeast,In Network,11.3,Low,LOW_SIGNAL,935,859,598050.64,639.6263529411765,1.0884749708963912,0.0,0.2727272727272727,-3.90625,-5.371923296784765,0.0
P0283,Urology,Midwest,In Network,11.3,Low,LOW_SIGNAL,461,441,307619.88,667.2882429501085,1.0453514739229024,0.0,0.31670281995661603,-10.0,-20.476233835006237,0.0
P0050,Radiology,South,In Network,11.2,Low,LOW_SIGNAL,320,309,226518.95,707.87171875,1.035598705501618,0.0,0.284375,0.0,-10.435822941213203,0.0
P0301,Urology,Midwest,In Network,11.2,Low,LOW_SIGNAL,767,716,484861.68,632.1534289439375,1.0712290502793296,0.0,0.29595827900912647,-18.51851851851852,-6.243502787483098,0.0
P0123,Urology,Midwest,In Network,11.2,Low,LOW_SIGNAL,538,509,338518.54,629.2166171003718,1.0569744597249509,0.0,0.24349442379182157,51.724137931034484,45.52790373353547,0.0
P0154,Gastroenterology,Midwest,In Network,11.2,Low,LOW_SIGNAL,612,578,377033.1,616.067156862745,1.0588235294117647,0.0,0.24836601307189543,-20.689655172413794,-14.216328754223827,0.0
P0075,Oncology,Midwest,In Network,11.2,Low,LOW_SIGNAL,341,334,224926.32,659.6079765395895,1.0209580838323353,0.0,0.3284457478005865,24.242424242424242,32.17289747714623,0.0
P0205,Neurology,West,In Network,10.9,Low,LOW_SIGNAL,193,189,136119.33,705.2815025906735,1.0211640211640212,0.0,0.31088082901554404,25.0,16.658203728565354,0.0
P0282,Oncology,South,In Network,10.9,Low,LOW_SIGNAL,129,128,80426.82,623.4637209302326,1.0078125,0.0,0.20155038759689922,17.647058823529413,88.3543449620291,0.0
P0297,Emergency Medicine,South,In Network,10.8,Low,LOW_SIGNAL,379,365,248001.76,654.3582058047493,1.0383561643835617,0.0,0.31926121372031663,19.51219512195122,4.548465882439221,0.0
P0208,Family Medicine,Midwest,In Network,10.8,Low,LOW_SIGNAL,217,210,140862.67,649.1367281105992,1.0333333333333334,0.0,0.33640552995391704,8.0,22.50666300095957,0.0
P0040,Neurology,West,In Network,10.5,Low,LOW_SIGNAL,691,646,459685.47,665.2467004341534,1.0696594427244581,0.0,0.2662807525325615,-8.24742268041237,-13.750233399693352,0.0
P0200,Gastroenterology,Northeast,In Network,10.5,Low,LOW_SIGNAL,351,338,235705.39,671.5253276353277,1.0384615384615385,0.0,0.28205128205128205,26.31578947368421,35.565118451349015,0.0
P0053,Neurology,Midwest,In Network,10.5,Low,LOW_SIGNAL,438,414,294080.39,671.4164155251142,1.0579710144927537,0.0,0.3059360730593607,-19.047619047619047,-21.54563733841889,0.0
P0268,Family Medicine,Northeast,Out of Network,10.4,Low,LOW_SIGNAL,234,229,173082.76,739.6699145299145,1.0218340611353711,0.0,0.2606837606837607,-33.333333333333336,-38.964970050737925,0.0
P0159,Radiology,West,In Network,10.3,Low,LOW_SIGNAL,371,351,246459.2,664.3105121293801,1.056980056980057,0.0,0.2587601078167116,0.0,39.65625286639395,0.0
P0156,Gastroenterology,Northeast,In Network,10.3,Low,LOW_SIGNAL,475,454,307324.38,646.9986947368421,1.0462555066079295,0.0,0.3031578947368421,-33.76623376623377,-37.96907732256378,0.0
P0167,Oncology,South,In Network,10.2,Low,LOW_SIGNAL,89,89,47262.05,531.0342696629214,1.0,0.0,0.20224719101123595,-36.36363636363637,-42.907992399113326,0.0
P0057,Orthopedics,Midwest,In Network,10.2,Low,LOW_SIGNAL,218,214,137506.05,630.7616972477064,1.0186915887850467,0.0,0.24311926605504589,60.0,79.76677999928461,0.0
P0264,Cardiology,Midwest,In Network,10.1,Low,LOW_SIGNAL,361,345,243894.21,675.6072299168975,1.046376811594203,0.0,0.2742382271468144,-17.02127659574468,-9.970337659604404,0.0
P0274,Family Medicine,South,In Network,10.0,Low,LOW_SIGNAL,132,130,80415.22,609.2062121212122,1.0153846153846153,0.0,0.18181818181818182,23.076923076923077,63.202606577617296,0.0
P0284,Gastroenterology,West,In Network,9.9,Low,LOW_SIGNAL,545,518,361410.77,663.1390275229359,1.0521235521235521,0.0,0.28073394495412846,-8.860759493670885,-15.137486562856068,0.0
P0143,Oncology,West,In Network,9.8,Low,LOW_SIGNAL,615,584,385700.37,627.1550731707317,1.053082191780822,0.0,0.25365853658536586,-20.0,-18.317956982341247,0.0
P0148,Family Medicine,West,In Network,9.8,Low,LOW_SIGNAL,603,564,393907.5,653.2462686567164,1.0691489361702127,0.0,0.28524046434494194,-25.88235294117647,-28.935598337864526,0.0
P0276,Urology,Northeast,In Network,9.8,Low,LOW_SIGNAL,166,163,113031.04,680.9098795180722,1.01840490797546,0.0,0.30120481927710846,9.523809523809524,-36.053496024281564,0.0
P0105,Emergency Medicine,Midwest,In Network,9.7,Low,LOW_SIGNAL,199,196,143833.38999999998,722.7808542713567,1.0153061224489797,0.0,0.2864321608040201,-9.67741935483871,-28.08949107738295,0.0
P0330,Emergency Medicine,South,In Network,9.7,Low,LOW_SIGNAL,229,224,147452.87,643.8989956331877,1.0223214285714286,0.0,0.29694323144104806,47.82608695652174,57.58649016254359,0.0
P0045,Gastroenterology,Midwest,In Network,9.7,Low,LOW_SIGNAL,224,219,145200.44,648.2162500000001,1.0228310502283104,0.0,0.25,63.63636363636363,79.14278205286072,0.0
P0137,Radiology,Midwest,In Network,9.5,Low,LOW_SIGNAL,182,180,128338.31,705.1555494505494,1.011111111111111,0.0,0.23076923076923078,23.80952380952381,-7.521316207594999,0.0
P0102,Urology,Midwest,In Network,9.5,Low,LOW_SIGNAL,363,349,255346.32,703.4333884297521,1.0401146131805157,0.0,0.2699724517906336,16.666666666666668,5.428488874910251,0.0
P0278,Gastroenterology,South,In Network,9.4,Low,LOW_SIGNAL,346,334,237213.24,685.5873988439306,1.035928143712575,0.0,0.2832369942196532,8.88888888888889,7.102481492322777,0.0
P0190,Gastroenterology,Northeast,In Network,9.4,Low,LOW_SIGNAL,137,136,87249.25,636.8558394160584,1.0073529411764706,0.0,0.29927007299270075,5.2631578947368425,56.405035040584536,0.0
P0244,Family Medicine,West,Out of Network,9.3,Low,LOW_SIGNAL,508,487,370823.08,729.9666929133858,1.0431211498973305,0.0,0.2618110236220472,-10.76923076923077,-5.154583894403417,0.0
P0142,Orthopedics,Northeast,In Network,9.3,Low,LOW_SIGNAL,598,565,389339.38,651.0691973244147,1.0584070796460177,0.0,0.2725752508361204,15.277777777777779,4.92769505895481,0.0
P0121,Dermatology,West,In Network,9.3,Low,LOW_SIGNAL,630,588,414586.72,658.0741587301587,1.0714285714285714,0.0,0.2571428571428571,4.761904761904762,-3.4461030374352104,0.0
P0043,Neurology,Northeast,In Network,9.2,Low,LOW_SIGNAL,166,162,112588.69,678.2451204819278,1.0246913580246915,0.0,0.3313253012048193,-44.0,-47.20627216640887,0.0
P0134,Dermatology,South,In Network,9.1,Low,LOW_SIGNAL,301,295,193763.26,643.7317607973422,1.0203389830508474,0.0,0.2591362126245847,68.96551724137932,61.9998750547959,0.0
P0303,Urology,South,In Network,9.0,Low,LOW_SIGNAL,167,166,116760.29,699.1634131736527,1.0060240963855422,0.0,0.2874251497005988,0.0,2.3057165140157423,0.0
P0059,Dermatology,South,In Network,8.9,Low,LOW_SIGNAL,76,75,49386.21,649.8185526315789,1.0133333333333334,0.0,0.32894736842105265,33.333333333333336,-13.42141663522998,0.0
P0243,Radiology,South,In Network,8.8,Low,LOW_SIGNAL,741,695,466443.21,629.478016194332,1.0661870503597122,0.0,0.252361673414305,7.317073170731708,-21.81830096970568,0.0
P0332,Cardiology,South,In Network,8.8,Low,LOW_SIGNAL,603,576,392984.66,651.7158540630182,1.046875,0.0,0.30016583747927034,6.410256410256411,-6.173128247274868,0.0
P0127,Radiology,Northeast,In Network,8.8,Low,LOW_SIGNAL,603,572,397969.79,659.9830679933665,1.0541958041958042,0.0,0.28192371475953565,6.578947368421052,11.992149198302194,0.0
P0204,Oncology,West,In Network,8.5,Low,LOW_SIGNAL,213,211,128185.65,601.8105633802817,1.009478672985782,0.0,0.22535211267605634,17.391304347826086,69.12985685367681,0.0
P0174,Emergency Medicine,Northeast,In Network,8.5,Low,LOW_SIGNAL,343,333,233184.45,679.8380466472304,1.03003003003003,0.0,0.30903790087463556,22.5,5.542477139383686,0.0
P0153,Gastroenterology,South,In Network,8.4,Low,LOW_SIGNAL,431,415,271467.77,629.855614849188,1.03855421686747,0.0,0.2529002320185615,22.916666666666668,50.508973426340994,0.0
P0257,Orthopedics,South,In Network,8.4,Low,LOW_SIGNAL,472,447,309579.31,655.8883686440678,1.0559284116331096,0.0,0.2775423728813559,4.6875,9.54288170200929,0.0
P0061,Orthopedics,South,In Network,8.4,Low,LOW_SIGNAL,229,224,146226.83,638.5451091703056,1.0223214285714286,0.0,0.3231441048034934,17.857142857142858,20.586752229387244,0.0
P0328,Orthopedics,South,In Network,8.4,Low,LOW_SIGNAL,191,185,111653.25,584.5719895287958,1.0324324324324323,0.0,0.29842931937172773,-7.142857142857143,14.616083557720682,0.0
P0012,Orthopedics,Midwest,In Network,8.4,Low,LOW_SIGNAL,350,342,243324.21,695.2120285714285,1.023391812865497,0.0,0.2914285714285714,18.42105263157895,-2.913887452348346,0.0
P0046,Dermatology,South,In Network,8.3,Low,LOW_SIGNAL,398,386,270724.94,680.2134170854272,1.0310880829015545,0.0,0.2914572864321608,22.448979591836736,22.16025760281248,0.0
P0044,Radiology,Midwest,In Network,8.3,Low,LOW_SIGNAL,272,269,182129.94,669.5953676470589,1.0111524163568772,0.0,0.27941176470588236,45.833333333333336,22.071042671429694,0.0
P0031,Radiology,Midwest,In Network,8.3,Low,LOW_SIGNAL,198,194,129470.4,653.8909090909091,1.0206185567010309,0.0,0.29797979797979796,-25.925925925925927,16.88142721930228,0.0
P0017,Emergency Medicine,Northeast,In Network,8.1,Low,LOW_SIGNAL,215,212,131392.52,611.1279999999999,1.0141509433962264,0.0,0.3116279069767442,-18.51851851851852,10.092759554347154,0.0
P0339,Cardiology,Midwest,Out of Network,8.1,Low,LOW_SIGNAL,248,244,172093.6,693.925806451613,1.0163934426229508,0.0,0.2701612903225806,-17.857142857142858,-15.581614937997628,0.0
P0341,Dermatology,South,In Network,8.1,Low,LOW_SIGNAL,249,239,169928.26,682.4428112449799,1.0418410041841004,0.0,0.28112449799196787,-24.242424242424242,-15.6305075166053,0.0
P0331,Orthopedics,South,In Network,8.0,Low,LOW_SIGNAL,242,237,141407.45,584.328305785124,1.021097046413502,0.0,0.26859504132231404,-3.225806451612903,40.82336385095207,0.0
P0136,Neurology,Midwest,In Network,8.0,Low,LOW_SIGNAL,199,195,116188.79,583.8632663316582,1.0205128205128204,0.0,0.22613065326633167,-46.42857142857143,-58.82157993578694,0.0
P0236,Dermatology,West,In Network,7.8,Low,LOW_SIGNAL,213,205,141997.42,666.6545539906103,1.0390243902439025,0.0,0.3145539906103286,-12.5,-29.131832566500066,0.0
P0155,Radiology,Midwest,In Network,7.8,Low,LOW_SIGNAL,613,576,389706.98,635.7373246329527,1.0642361111111112,0.0,0.2707993474714519,0.0,-2.9454093068254634,0.0
P0091,Gastroenterology,South,In Network,7.8,Low,LOW_SIGNAL,171,168,117217.87,685.4846198830409,1.0178571428571428,0.0,0.2807017543859649,-28.571428571428573,-19.05401560168185,0.0
P0160,Urology,Midwest,In Network,7.7,Low,LOW_SIGNAL,214,210,137109.43,640.6982710280373,1.019047619047619,0.0,0.205607476635514,4.166666666666667,55.78997155585233,0.0
P0002,Dermatology,Northeast,In Network,7.7,Low,LOW_SIGNAL,344,327,224274.59,651.9610174418605,1.0519877675840978,0.0,0.29651162790697677,25.58139534883721,24.77916742141394,0.0
P0087,Family Medicine,South,In Network,7.7,Low,LOW_SIGNAL,625,589,398548.99,637.6783839999999,1.061120543293718,0.0,0.288,4.109589041095891,-15.353919066969972,0.0
P0144,Urology,Midwest,In Network,7.7,Low,LOW_SIGNAL,652,612,413294.39,633.8871012269939,1.065359477124183,0.0,0.2791411042944785,1.2987012987012987,7.813359831068454,0.0
P0333,Neurology,Midwest,In Network,7.6,Low,LOW_SIGNAL,123,120,76664.14,623.2856910569105,1.025,0.0,0.3333333333333333,-25.0,17.25976405703815,0.0
P0260,Neurology,West,In Network,7.6,Low,LOW_SIGNAL,686,650,423346.4,617.1230320699709,1.0553846153846154,0.0,0.2594752186588921,-9.30232558139535,4.410868740084989,0.0
P0217,Oncology,Midwest,In Network,7.6,Low,LOW_SIGNAL,251,242,164652.74,655.9870119521912,1.037190082644628,0.0,0.27091633466135456,-23.529411764705884,-42.75659790494413,0.0
P0266,Dermatology,West,In Network,7.6,Low,LOW_SIGNAL,276,267,178299.4,646.0123188405797,1.0337078651685394,0.0,0.2753623188405797,56.52173913043478,64.18018799943208,0.0
P0177,Gastroenterology,South,In Network,7.5,Low,LOW_SIGNAL,254,248,156094.1,614.5437007874016,1.0241935483870968,0.0,0.2952755905511811,44.0,-6.874627306091587,0.0
P0145,Emergency Medicine,Northeast,In Network,7.4,Low,LOW_SIGNAL,202,196,126619.97,626.8315346534654,1.030612244897959,0.0,0.24257425742574257,47.36842105263158,56.85463516008152,0.0
P0314,Orthopedics,South,In Network,7.2,Low,LOW_SIGNAL,513,495,337643.24,658.1739571150098,1.0363636363636364,0.0,0.3001949317738791,7.936507936507937,27.75352153963254,0.0
P0245,Cardiology,Northeast,In Network,7.2,Low,LOW_SIGNAL,431,416,285267.19,661.8728306264501,1.0360576923076923,0.0,0.29930394431554525,-24.63768115942029,-21.222524424863096,0.0
P0019,Oncology,Midwest,In Network,7.2,Low,LOW_SIGNAL,265,257,177396.58,669.4210566037735,1.0311284046692606,0.0,0.25660377358490566,-23.68421052631579,-18.15922322110004,0.0
P0027,Cardiology,Midwest,In Network,7.1,Low,LOW_SIGNAL,466,448,303613.68,651.5315021459228,1.0401785714285714,0.0,0.2939914163090129,10.169491525423728,18.663703467195443,0.0
P0118,Radiology,West,In Network,7.1,Low,LOW_SIGNAL,251,246,171757.87,684.2943027888446,1.0203252032520325,0.0,0.2788844621513944,-29.032258064516128,-40.307960621428734,0.0
P0247,Cardiology,Northeast,In Network,7.0,Low,LOW_SIGNAL,300,294,197589.84,658.6328,1.0204081632653061,0.0,0.32666666666666666,-9.30232558139535,-6.827602431971366,0.0
P0023,Emergency Medicine,Northeast,In Network,7.0,Low,LOW_SIGNAL,206,200,137516.13999999998,667.5540776699029,1.03,0.0,0.3106796116504854,-30.0,-35.3815555808864,0.0
P0132,Orthopedics,South,In Network,6.9,Low,LOW_SIGNAL,309,296,207768.24,672.3891262135922,1.0439189189189189,0.0,0.284789644012945,-18.75,-12.366703846651633,0.0
P0009,Orthopedics,West,In Network,6.8,Low,LOW_SIGNAL,394,379,261113.52,662.7246700507613,1.0395778364116095,0.0,0.26903553299492383,23.80952380952381,44.553894967878925,0.0
P0305,Oncology,Northeast,In Network,6.8,Low,LOW_SIGNAL,400,386,253334.61,633.3365249999999,1.0362694300518134,0.0,0.2425,26.923076923076923,13.666451332255226,0.0
P0337,Gastroenterology,South,In Network,6.8,Low,LOW_SIGNAL,273,264,184717.84,676.6221245421245,1.0340909090909092,0.0,0.2857142857142857,-2.6315789473684212,-5.133442951650408,0.0
P0084,Urology,Midwest,In Network,6.7,Low,LOW_SIGNAL,439,419,288607.26,657.4197266514807,1.0477326968973748,0.0,0.27790432801822323,25.53191489361702,28.553300184238854,0.0
P0169,Cardiology,South,In Network,6.7,Low,LOW_SIGNAL,224,217,149432.85,667.1109375,1.032258064516129,0.0,0.28125,25.0,20.30522317112795,0.0
P0311,Orthopedics,Midwest,In Network,6.6,Low,LOW_SIGNAL,141,141,95535.39,677.5559574468085,1.0,0.0,0.19858156028368795,-19.047619047619047,13.384850027059578,0.0
P0170,Urology,South,In Network,6.6,Low,LOW_SIGNAL,531,501,347883.22000000003,655.147306967985,1.0598802395209581,0.0,0.2824858757062147,-1.4705882352941178,-8.368702938069102,0.0
P0020,Dermatology,Midwest,In Network,6.6,Low,LOW_SIGNAL,449,425,288176.76,641.8190645879733,1.056470588235294,0.0,0.24498886414253898,7.6923076923076925,23.06534347001127,0.0
P0255,Emergency Medicine,South,In Network,6.6,Low,LOW_SIGNAL,323,314,224844.32,696.1124458204334,1.0286624203821657,0.0,0.29102167182662536,-11.363636363636363,6.681694840131951,0.0
P0321,Orthopedics,South,In Network,6.5,Low,LOW_SIGNAL,521,500,345128.63,662.434990403071,1.042,0.0,0.29366602687140114,-24.050632911392405,-24.960776143371138,0.0
P0329,Family Medicine,Northeast,In Network,6.5,Low,LOW_SIGNAL,472,449,300274.11,636.1739618644068,1.0512249443207127,0.0,0.2457627118644068,11.320754716981131,31.34655442527152,0.0
P0171,Orthopedics,Midwest,In Network,6.4,Low,LOW_SIGNAL,172,171,114262.62,664.3175581395349,1.0058479532163742,0.0,0.29651162790697677,-32.0,-52.6375052860777,0.0
P0056,Dermatology,Northeast,In Network,6.4,Low,LOW_SIGNAL,332,324,208403.2,627.7204819277109,1.0246913580246915,0.0,0.24397590361445784,19.51219512195122,58.8392590251044,0.0
P0240,Orthopedics,Northeast,In Network,6.4,Low,LOW_SIGNAL,340,334,236031.85,694.2113235294117,1.0179640718562875,0.0,0.2529411764705882,19.444444444444443,19.399860404682105,0.0
P0215,Neurology,West,In Network,6.4,Low,LOW_SIGNAL,540,511,354238.82,655.9978148148148,1.0567514677103718,0.0,0.2814814814814815,-1.492537313432836,-5.669428312688879,0.0
P0129,Dermatology,South,In Network,6.4,Low,LOW_SIGNAL,323,311,188176.06,582.5884210526316,1.0385852090032155,0.0,0.25077399380804954,28.571428571428573,2.7003412298128073,0.0
P0069,Gastroenterology,South,In Network,6.4,Low,LOW_SIGNAL,598,570,380174.97,635.7440969899665,1.0491228070175438,0.0,0.26755852842809363,-2.6666666666666665,-4.887888869449091,0.0
P0226,Oncology,South,In Network,6.3,Low,LOW_SIGNAL,444,431,286910.88,646.1956756756757,1.0301624129930393,0.0,0.3063063063063063,10.204081632653061,9.429076432083365,0.0
P0122,Orthopedics,Midwest,In Network,6.3,Low,LOW_SIGNAL,610,579,395836.65,648.9125409836066,1.0535405872193437,0.0,0.27049180327868855,1.492537313432836,-0.360260448327946,0.0
P0290,Orthopedics,West,In Network,6.2,Low,LOW_SIGNAL,155,152,105826.73,682.7530967741935,1.019736842105263,0.0,0.2903225806451613,-30.0,-33.476721900234246,0.0
P0239,Urology,Northeast,In Network,6.2,Low,LOW_SIGNAL,610,581,388065.64,636.1731803278689,1.0499139414802066,0.0,0.23934426229508196,26.470588235294116,20.111887473986673,0.0
P0028,Cardiology,Midwest,In Network,6.1,Low,LOW_SIGNAL,405,389,260768.8,643.8735802469135,1.0411311053984575,0.0,0.2716049382716049,26.08695652173913,17.91326728535907,0.0
P0285,Dermatology,South,In Network,6.0,Low,LOW_SIGNAL,147,147,88706.83,603.4478231292517,1.0,0.0,0.3129251700680272,-5.555555555555555,-11.561444805194812,0.0
P0340,Orthopedics,Midwest,In Network,5.8,Low,LOW_SIGNAL,473,451,294979.44,623.6351797040169,1.048780487804878,0.0,0.25158562367864695,-12.307692307692308,-5.296382356520827,0.0
P0184,Oncology,Northeast,In Network,5.6,Low,LOW_SIGNAL,199,193,120234.63,604.1941206030151,1.0310880829015545,0.0,0.21608040201005024,4.3478260869565215,20.80610287820619,0.0
P0224,Urology,West,In Network,5.6,Low,LOW_SIGNAL,157,154,95759.48,609.9329936305733,1.0194805194805194,0.0,0.22929936305732485,35.0,-22.42437753587648,0.0
P0326,Urology,Midwest,In Network,5.6,Low,LOW_SIGNAL,575,543,372820.72,648.3838608695652,1.0589318600368325,0.0,0.2608695652173913,0.0,10.676313560130593,0.0
P0234,Emergency Medicine,Northeast,In Network,5.4,Low,LOW_SIGNAL,368,359,245832.74,668.02375,1.0250696378830084,0.0,0.2826086956521739,37.5,42.84790071489247,0.0
P0225,Gastroenterology,South,In Network,5.4,Low,LOW_SIGNAL,369,358,244038.48,661.3508943089431,1.0307262569832403,0.0,0.2899728997289973,-2.127659574468085,22.894319571032582,0.0
P0034,Urology,Northeast,In Network,5.3,Low,LOW_SIGNAL,270,262,167254.36,619.4605925925925,1.0305343511450382,0.0,0.26666666666666666,21.428571428571427,50.85946965911559,0.0
P0241,Orthopedics,South,In Network,5.3,Low,LOW_SIGNAL,281,275,180711.93,643.1029537366547,1.0218181818181817,0.0,0.2491103202846975,39.285714285714285,46.85894160481684,0.0
P0232,Cardiology,Midwest,In Network,5.3,Low,LOW_SIGNAL,333,325,199560.21,599.2799099099099,1.0246153846153847,0.0,0.3003003003003003,22.5,7.958490762502602,0.0
P0038,Oncology,Midwest,In Network,5.3,Low,LOW_SIGNAL,163,160,105422.78,646.7655214723926,1.01875,0.0,0.2822085889570552,26.666666666666668,46.351324115843966,0.0
P0295,Urology,South,In Network,5.3,Low,LOW_SIGNAL,317,310,208055.12,656.3252996845425,1.0225806451612902,0.0,0.26813880126182965,13.636363636363637,49.12648001960265,0.0
P0093,Gastroenterology,South,In Network,5.2,Low,LOW_SIGNAL,418,402,262283.24,627.4718660287081,1.0398009950248757,0.0,0.2679425837320574,-1.6666666666666667,18.96861393244297,0.0
P0078,Radiology,South,In Network,5.1,Low,LOW_SIGNAL,422,402,255949.43,606.5152369668247,1.0497512437810945,0.0,0.26303317535545023,-3.508771929824561,1.3890870043868948,0.0
P0203,Urology,South,In Network,5.0,Low,LOW_SIGNAL,337,325,222501.17,660.2408605341246,1.0369230769230768,0.0,0.2314540059347181,31.57894736842105,2.3489258396479813,0.0
P0267,Cardiology,Midwest,In Network,5.0,Low,LOW_SIGNAL,249,243,163795.1,657.8116465863454,1.0246913580246915,0.0,0.30522088353413657,-3.4482758620689653,9.75806724148179,0.0
P0107,Oncology,Midwest,In Network,5.0,Low,LOW_SIGNAL,171,170,104202.95,609.3739766081871,1.0058823529411764,0.0,0.29239766081871343,22.22222222222222,13.892468218506467,0.0
P0068,Urology,South,In Network,4.9,Low,LOW_SIGNAL,125,123,76209.65,609.6772,1.016260162601626,0.0,0.288,21.428571428571427,2.2530344086411542,0.0
P0287,Family Medicine,Midwest,In Network,4.9,Low,LOW_SIGNAL,473,454,289888.69,612.8724947145878,1.0418502202643172,0.0,0.2938689217758985,0.0,3.877358442495594,0.0
P0112,Dermatology,South,In Network,4.9,Low,LOW_SIGNAL,377,361,250400.96,664.1935278514588,1.0443213296398892,0.0,0.2838196286472148,2.1739130434782608,-12.182834636908046,0.0
P0117,Neurology,Midwest,In Network,4.9,Low,LOW_SIGNAL,496,479,314568.25,634.2101814516129,1.0354906054279749,0.0,0.29838709677419356,20.833333333333332,20.318128173450088,0.0
P0150,Gastroenterology,Midwest,In Network,4.8,Low,LOW_SIGNAL,361,352,237740.1,658.5598337950139,1.0255681818181819,0.0,0.29916897506925205,14.285714285714286,9.514845013375242,0.0
P0178,Gastroenterology,South,In Network,4.8,Low,LOW_SIGNAL,78,77,48538.92,622.2938461538462,1.0129870129870129,0.0,0.2948717948717949,-46.666666666666664,-18.619828892334162,0.0
P0119,Radiology,Midwest,In Network,4.8,Low,LOW_SIGNAL,257,249,158099.03,615.1713229571984,1.0321285140562249,0.0,0.26848249027237353,23.333333333333332,31.74301333895338,0.0
P0072,Cardiology,South,In Network,4.8,Low,LOW_SIGNAL,228,221,145940.35,640.089254385965,1.0316742081447965,0.0,0.2675438596491228,40.0,19.450944997540102,0.0
P0006,Urology,South,In Network,4.7,Low,LOW_SIGNAL,304,290,193073.75,635.1110197368421,1.0482758620689656,0.0,0.2565789473684211,-9.090909090909092,19.7457788137496,0.0
P0037,Gastroenterology,South,In Network,4.6,Low,LOW_SIGNAL,520,498,336505.24,647.1254615384615,1.0441767068273093,0.0,0.27115384615384613,-1.5384615384615385,-2.9500408505066598,0.0
P0319,Family Medicine,West,In Network,4.6,Low,LOW_SIGNAL,285,279,172385.43,604.8611578947368,1.021505376344086,0.0,0.2912280701754386,7.317073170731708,19.96793259021092,0.0
P0065,Gastroenterology,Northeast,In Network,4.5,Low,LOW_SIGNAL,355,342,219222.15,617.5271830985915,1.0380116959064327,0.0,0.23098591549295774,-4.761904761904762,-22.298342848323927,0.0
P0221,Neurology,West,In Network,4.5,Low,LOW_SIGNAL,460,440,285771.86,621.2431739130434,1.0454545454545454,0.0,0.23043478260869565,-6.0606060606060606,-8.4844606525214,0.0
P0003,Family Medicine,South,In Network,4.4,Low,LOW_SIGNAL,449,426,273425.36,608.9651670378619,1.0539906103286385,0.0,0.25389755011135856,-7.017543859649122,-3.383225542578142,0.0
P0249,Orthopedics,Midwest,In Network,4.4,Low,LOW_SIGNAL,452,437,287674.29,636.4475442477876,1.034324942791762,0.0,0.28761061946902655,-33.333333333333336,-27.06831601464919,0.0
P0054,Neurology,Northeast,In Network,4.4,Low,LOW_SIGNAL,171,170,116061.75,678.7236842105264,1.0058823529411764,0.0,0.2807017543859649,-40.0,-12.511337659773151,0.0
P0018,Dermatology,Midwest,In Network,4.4,Low,LOW_SIGNAL,342,326,222419.7,650.35,1.049079754601227,0.0,0.2953216374269006,-2.7027027027027026,-0.9198911923284568,0.0
P0067,Urology,Northeast,In Network,4.3,Low,LOW_SIGNAL,335,319,215042.73,641.9185970149254,1.0501567398119123,0.0,0.25671641791044775,2.272727272727273,15.55409220674752,0.0
P0198,Orthopedics,West,In Network,4.3,Low,LOW_SIGNAL,270,268,181898.54,673.6982962962963,1.007462686567164,0.0,0.24814814814814815,10.0,24.08662012683629,0.0
P0294,Radiology,West,In Network,4.3,Low,LOW_SIGNAL,183,181,113237.85,618.7860655737705,1.011049723756906,0.0,0.2185792349726776,-9.523809523809524,24.776015667505224,0.0
P0180,Family Medicine,Midwest,In Network,4.3,Low,LOW_SIGNAL,181,179,123029.59,679.7214917127071,1.011173184357542,0.0,0.24861878453038674,15.0,20.180732636993405,0.0
P0279,Gastroenterology,West,In Network,4.2,Low,LOW_SIGNAL,367,358,242837.84,661.6834877384196,1.0251396648044693,0.0,0.28337874659400547,21.428571428571427,17.689084300376653,0.0
P0230,Emergency Medicine,Midwest,In Network,4.1,Low,LOW_SIGNAL,176,174,120681.48,685.6902272727273,1.0114942528735633,0.0,0.2556818181818182,13.636363636363637,6.229840066510365,0.0
P0237,Emergency Medicine,South,In Network,4.1,Low,LOW_SIGNAL,265,256,157808.37,595.5032830188679,1.03515625,0.0,0.23773584905660378,0.0,-25.026050744254,0.0
P0342,Orthopedics,South,In Network,4.1,Low,LOW_SIGNAL,218,213,136498.37,626.1393119266055,1.0234741784037558,0.0,0.29357798165137616,13.636363636363637,-0.40334394965049525,0.0
P0344,Orthopedics,South,In Network,4.1,Low,LOW_SIGNAL,298,292,185171.83,621.3819798657718,1.0205479452054795,0.0,0.24496644295302014,16.216216216216218,34.1883802025796,0.0
P0253,Neurology,West,In Network,4.0,Low,LOW_SIGNAL,178,177,120455.74,676.7176404494382,1.0056497175141244,0.0,0.29775280898876405,-12.121212121212121,-28.41654223203272,0.0
P0206,Dermatology,Northeast,In Network,4.0,Low,LOW_SIGNAL,396,383,251263.97,634.5049747474748,1.0339425587467364,0.0,0.24494949494949494,35.294117647058826,4.798271236486589,0.0
P0092,Dermatology,Midwest,In Network,3.9,Low,LOW_SIGNAL,305,300,193472.88,634.3373114754098,1.0166666666666666,0.0,0.24262295081967214,15.625,35.662372758219306,0.0
P0104,Emergency Medicine,Northeast,In Network,3.9,Low,LOW_SIGNAL,569,545,373490.04,656.3972583479789,1.0440366972477064,0.0,0.2741652021089631,-10.126582278481013,-13.000337318443304,0.0
P0246,Neurology,West,In Network,3.7,Low,LOW_SIGNAL,82,81,52548.02,640.8295121951219,1.0123456790123457,0.0,0.3170731707317073,-12.5,-26.311839147609234,0.0
P0216,Gastroenterology,Northeast,In Network,3.7,Low,LOW_SIGNAL,483,466,312307.9,646.6002070393375,1.036480686695279,0.0,0.2919254658385093,3.125,-5.5599085727222235,0.0
P0051,Cardiology,West,In Network,3.7,Low,LOW_SIGNAL,449,433,272052.77999999997,605.9081959910912,1.0369515011547343,0.0,0.2383073496659243,-20.3125,-8.021259618187038,0.0
P0271,Oncology,Northeast,In Network,3.7,Low,LOW_SIGNAL,377,366,237619.0,630.289124668435,1.030054644808743,0.0,0.28116710875331563,10.869565217391305,9.276412188512968,0.0
P0313,Cardiology,Midwest,In Network,3.7,Low,LOW_SIGNAL,255,247,158140.2,620.1576470588236,1.0323886639676114,0.0,0.2980392156862745,0.0,6.843938509946751,0.0
P0186,Family Medicine,South,In Network,3.7,Low,LOW_SIGNAL,433,420,286075.19,660.6817321016166,1.0309523809523808,0.0,0.28868360277136257,-36.8421052631579,-25.74806545590129,0.0
P0248,Emergency Medicine,South,In Network,3.6,Low,LOW_SIGNAL,269,259,179540.6,667.4371747211896,1.0386100386100385,0.0,0.27137546468401486,-2.4390243902439024,13.634703557603144,0.0
P0304,Dermatology,South,In Network,3.6,Low,LOW_SIGNAL,224,223,142207.21,634.8536160714285,1.0044843049327354,0.0,0.29910714285714285,-24.324324324324323,-23.067320092425682,0.0
P0032,Neurology,West,In Network,3.6,Low,LOW_SIGNAL,140,139,95481.63,682.0116428571429,1.0071942446043165,0.0,0.22142857142857142,-5.0,2.8667346355719667,0.0
P0047,Urology,South,In Network,3.6,Low,LOW_SIGNAL,342,328,223092.77,652.3180409356725,1.0426829268292683,0.0,0.2807017543859649,0.0,12.928220859780513,0.0
P0096,Neurology,Northeast,In Network,3.5,Low,LOW_SIGNAL,549,528,339416.18,618.244408014572,1.0397727272727273,0.0,0.2677595628415301,3.1746031746031744,-12.325302087389062,0.0
P0099,Neurology,Midwest,In Network,3.5,Low,LOW_SIGNAL,208,204,134011.66,644.2868269230769,1.0196078431372548,0.0,0.2980769230769231,24.0,23.848865573345368,0.0
P0004,Orthopedics,West,In Network,3.5,Low,LOW_SIGNAL,110,109,66383.92,603.4901818181818,1.0091743119266054,0.0,0.2727272727272727,0.0,-24.045157956283084,0.0
P0128,Family Medicine,Midwest,In Network,3.4,Low,LOW_SIGNAL,567,543,379981.21,670.1608641975309,1.0441988950276244,0.0,0.2716049382716049,-15.476190476190476,-11.969389914893886,0.0
P0073,Family Medicine,South,In Network,3.4,Low,LOW_SIGNAL,219,217,128626.38,587.3350684931507,1.0092165898617511,0.0,0.2191780821917808,-15.151515151515152,-35.27777534807566,0.0
P0309,Urology,South,In Network,3.3,Low,LOW_SIGNAL,237,229,156780.83,661.5224894514768,1.034934497816594,0.0,0.2869198312236287,0.0,-20.054450825901668,0.0
P0299,Family Medicine,South,In Network,3.3,Low,LOW_SIGNAL,195,192,121163.45,621.3510256410257,1.015625,0.0,0.2717948717948718,-42.30769230769231,-44.72239831563458,0.0
P0172,Dermatology,South,In Network,3.3,Low,LOW_SIGNAL,380,369,234082.86000000002,616.0075263157895,1.029810298102981,0.0,0.22894736842105262,-31.25,-41.25704384591003,0.0
P0323,Dermatology,South,In Network,3.3,Low,LOW_SIGNAL,199,196,126720.72,636.7875376884422,1.0153061224489797,0.0,0.27638190954773867,-15.625,26.227830073213603,0.0
P0080,Neurology,West,In Network,3.3,Low,LOW_SIGNAL,289,278,186157.74,644.1444290657439,1.039568345323741,0.0,0.29411764705882354,2.857142857142857,-8.441627130731058,0.0
P0139,Gastroenterology,Midwest,In Network,3.2,Low,LOW_SIGNAL,312,305,192470.95,616.8940705128206,1.022950819672131,0.0,0.21153846153846154,-5.2631578947368425,9.819125812572612,0.0
P0218,Neurology,Midwest,In Network,3.2,Low,LOW_SIGNAL,244,241,159713.91,654.5652049180328,1.012448132780083,0.0,0.3155737704918033,6.666666666666667,-6.105867767840821,0.0
P0140,Emergency Medicine,Northeast,In Network,3.2,Low,LOW_SIGNAL,282,279,175636.02,622.8227659574468,1.010752688172043,0.0,0.2624113475177305,-31.818181818181817,-38.388007094811314,0.0
P0152,Radiology,South,In Network,3.0,Low,LOW_SIGNAL,372,360,247090.87,664.2227688172043,1.0333333333333334,0.0,0.2553763440860215,-2.4390243902439024,14.925684888071522,0.0
P0035,Family Medicine,Northeast,In Network,2.9,Low,LOW_SIGNAL,381,372,256629.38,673.5679265091863,1.0241935483870968,0.0,0.28346456692913385,-8.88888888888889,-5.920515543150379,0.0
P0168,Oncology,Midwest,In Network,2.9,Low,LOW_SIGNAL,228,222,144600.95,634.2146929824562,1.027027027027027,0.0,0.2412280701754386,-24.137931034482758,-38.95626525437963,0.0
P0141,Radiology,South,In Network,2.9,Low,LOW_SIGNAL,465,447,295306.41,635.0675483870967,1.0402684563758389,0.0,0.2537634408602151,-11.11111111111111,-23.521250002891495,0.0
P0252,Neurology,West,In Network,2.8,Low,LOW_SIGNAL,420,408,260930.93,621.264119047619,1.0294117647058822,0.0,0.25,-36.507936507936506,-32.472435548467466,0.0
P0097,Emergency Medicine,West,In Network,2.8,Low,LOW_SIGNAL,370,363,243119.45,657.0795945945946,1.019283746556474,0.0,0.2918918918918919,-21.153846153846153,-29.086370203128354,0.0
P0228,Family Medicine,Northeast,In Network,2.7,Low,LOW_SIGNAL,572,548,368919.32,644.9638461538461,1.0437956204379562,0.0,0.2534965034965035,-11.842105263157896,-31.14669772994099,0.0
P0029,Orthopedics,Northeast,In Network,2.7,Low,LOW_SIGNAL,210,204,140376.1,668.4576190476191,1.0294117647058822,0.0,0.28095238095238095,-19.23076923076923,-35.56843051013011,0.0
P0076,Oncology,Midwest,In Network,2.6,Low,LOW_SIGNAL,214,209,133081.61,621.8766822429906,1.0239234449760766,0.0,0.29439252336448596,-3.225806451612903,-8.290168299967192,0.0
P0165,Orthopedics,South,In Network,2.6,Low,LOW_SIGNAL,251,246,168009.01,669.3586055776893,1.0203252032520325,0.0,0.24701195219123506,17.24137931034483,0.9353779691084039,0.0
P0259,Cardiology,South,In Network,2.6,Low,LOW_SIGNAL,305,294,195453.77,640.8320327868852,1.0374149659863945,0.0,0.2786885245901639,0.0,-4.14193870236333,0.0
P0196,Neurology,South,In Network,2.5,Low,LOW_SIGNAL,177,172,109111.9,616.4514124293785,1.0290697674418605,0.0,0.23728813559322035,-6.896551724137931,19.152390325596823,0.0
P0120,Radiology,West,In Network,2.5,Low,LOW_SIGNAL,356,346,220868.46,620.4170224719101,1.0289017341040463,0.0,0.2612359550561798,-37.5,-26.65991704497207,0.0
P0254,Family Medicine,South,In Network,2.4,Low,LOW_SIGNAL,214,214,139029.63999999998,649.6712149532709,1.0,0.0,0.2850467289719626,-7.142857142857143,-14.508249440631133,0.0
P0286,Urology,Midwest,In Network,2.4,Low,LOW_SIGNAL,510,489,318689.44,624.8812549019608,1.0429447852760736,0.0,0.27450980392156865,4.3478260869565215,6.024384982864158,0.0
P0195,Cardiology,Midwest,In Network,2.4,Low,LOW_SIGNAL,347,335,217158.26,625.816311239193,1.035820895522388,0.0,0.25360230547550433,2.7777777777777777,-13.090757069366498,0.0
P0231,Emergency Medicine,South,In Network,2.3,Low,LOW_SIGNAL,445,429,295003.19,662.9285168539326,1.0372960372960374,0.0,0.27415730337078653,-18.181818181818183,-23.283518444813538,0.0
P0025,Cardiology,Northeast,In Network,2.2,Low,LOW_SIGNAL,310,305,186770.22,602.4845806451613,1.0163934426229508,0.0,0.23225806451612904,-25.0,-16.368656897178152,0.0
P0011,Oncology,Northeast,In Network,2.2,Low,LOW_SIGNAL,191,188,125154.65,655.259947643979,1.0159574468085106,0.0,0.2513089005235602,-20.0,-30.835288142578747,0.0
P0316,Orthopedics,Midwest,In Network,2.2,Low,LOW_SIGNAL,475,458,302559.91,636.9682315789473,1.037117903930131,0.0,0.25473684210526315,-9.67741935483871,2.9292689116309263,0.0
P0281,Gastroenterology,West,In Network,2.2,Low,LOW_SIGNAL,179,174,113881.54,636.209720670391,1.028735632183908,0.0,0.27932960893854747,-46.15384615384615,-15.625387127810223,0.0
P0308,Family Medicine,South,In Network,2.2,Low,LOW_SIGNAL,293,288,198328.38,676.8886689419795,1.0173611111111112,0.0,0.27303754266211605,-17.5,-5.63361409711909,0.0
P0298,Radiology,West,In Network,2.1,Low,LOW_SIGNAL,175,173,113149.51,646.5686285714286,1.0115606936416186,0.0,0.2742857142857143,9.090909090909092,8.966948411041782,0.0
P0227,Urology,South,In Network,2.1,Low,LOW_SIGNAL,397,386,239273.36000000002,602.703677581864,1.028497409326425,0.0,0.2367758186397985,10.204081632653061,7.156020082608345,0.0
P0081,Urology,Midwest,In Network,2.0,Low,LOW_SIGNAL,206,201,136517.47,662.7061650485437,1.0248756218905473,0.0,0.27184466019417475,-20.689655172413794,-31.1674460495718,0.0
P0194,Emergency Medicine,Northeast,In Network,2.0,Low,LOW_SIGNAL,346,336,230457.03,666.0607803468208,1.0297619047619047,0.0,0.29190751445086704,-9.615384615384615,-7.496983547174542,0.0
P0182,Orthopedics,Northeast,In Network,2.0,Low,LOW_SIGNAL,232,227,147257.8,634.731896551724,1.0220264317180616,0.0,0.23275862068965517,0.0,-40.436699647024156,0.0
P0242,Oncology,Midwest,In Network,2.0,Low,LOW_SIGNAL,127,126,77139.06999999999,607.3942519685039,1.007936507936508,0.0,0.25196850393700787,-14.285714285714286,9.485449093435633,0.0
P0188,Family Medicine,Northeast,In Network,1.9,Low,LOW_SIGNAL,263,255,167970.94,638.6727756653993,1.031372549019608,0.0,0.24714828897338403,18.51851851851852,17.994746036133964,0.0
P0238,Family Medicine,West,In Network,1.9,Low,LOW_SIGNAL,632,606,409197.44,647.4643037974683,1.0429042904290429,0.0,0.26424050632911394,-2.5,1.6825608351032086,0.0
P0300,Radiology,South,In Network,1.9,Low,LOW_SIGNAL,368,360,247218.46,671.7892934782609,1.0222222222222221,0.0,0.266304347826087,1.9230769230769231,-13.243193633240162,0.0
P0338,Radiology,West,In Network,1.9,Low,LOW_SIGNAL,347,338,219016.62,631.1718155619596,1.0266272189349113,0.0,0.27089337175792505,2.3255813953488373,13.47203900467674,0.0
P0098,Oncology,Northeast,In Network,1.9,Low,LOW_SIGNAL,291,283,183428.1,630.3371134020618,1.028268551236749,0.0,0.24054982817869416,-16.216216216216218,-14.255844758021393,0.0
P0175,Family Medicine,Midwest,In Network,1.8,Low,LOW_SIGNAL,80,79,49479.97,618.499625,1.0126582278481013,0.0,0.225,7.6923076923076925,-16.168801644124606,0.0
P0106,Urology,Northeast,In Network,1.7,Low,LOW_SIGNAL,220,216,133710.05,607.7729545454545,1.0185185185185186,0.0,0.2636363636363636,-18.51851851851852,5.335714086264045,0.0
P0026,Gastroenterology,West,In Network,1.7,Low,LOW_SIGNAL,179,178,115041.95,642.6924581005586,1.0056179775280898,0.0,0.25139664804469275,0.0,-18.61948647275262,0.0
P0251,Oncology,Northeast,In Network,1.7,Low,LOW_SIGNAL,254,248,160713.89,632.7318503937008,1.0241935483870968,0.0,0.2677165354330709,-3.3333333333333335,-42.55359078596841,0.0
P0318,Urology,Northeast,In Network,1.6,Low,LOW_SIGNAL,196,191,117375.23,598.8532142857142,1.0261780104712042,0.0,0.25510204081632654,-8.0,-13.234383481006375,0.0
P0130,Orthopedics,South,In Network,1.6,Low,LOW_SIGNAL,409,397,272433.49,666.0965525672372,1.0302267002518892,0.0,0.2616136919315403,0.0,15.011564235236754,0.0
P0327,Oncology,West,In Network,1.6,Low,LOW_SIGNAL,209,205,126257.63,604.1034928229665,1.0195121951219512,0.0,0.2535885167464115,10.344827586206897,5.869312552877628,0.0
P0288,Cardiology,Midwest,In Network,1.6,Low,LOW_SIGNAL,207,203,132509.77,640.1438164251207,1.019704433497537,0.0,0.28502415458937197,-27.586206896551722,-19.867454536541203,0.0
P0108,Cardiology,West,In Network,1.6,Low,LOW_SIGNAL,385,375,241992.33,628.5515064935065,1.0266666666666666,0.0,0.2753246753246753,14.0,17.779083305238043,0.0
P0113,Emergency Medicine,West,In Network,1.6,Low,LOW_SIGNAL,181,181,120209.8,664.1425414364641,1.0,0.0,0.27624309392265195,-4.166666666666667,-24.891857447689286,0.0
P0089,Neurology,South,In Network,1.5,Low,LOW_SIGNAL,206,201,138162.2,670.6902912621359,1.0248756218905473,0.0,0.27184466019417475,-13.333333333333334,-26.635892771653666,0.0
P0315,Emergency Medicine,Northeast,In Network,1.5,Low,LOW_SIGNAL,346,337,214887.56,621.0623121387283,1.0267062314540059,0.0,0.26011560693641617,13.043478260869565,-0.5844456589646677,0.0
P0133,Emergency Medicine,Midwest,In Network,1.3,Low,LOW_SIGNAL,323,315,208567.04,645.7183900928793,1.0253968253968253,0.0,0.2755417956656347,9.523809523809524,16.065885727946462,0.0
P0101,Neurology,Midwest,In Network,1.1,Low,LOW_SIGNAL,144,141,90327.86,627.2768055555556,1.0212765957446808,0.0,0.2847222222222222,-22.727272727272727,-21.521209699636266,0.0
P0273,Family Medicine,Northeast,In Network,1.0,Low,LOW_SIGNAL,324,312,213019.33,657.4670679012345,1.0384615384615385,0.0,0.2716049382716049,-7.6923076923076925,-0.7055621986557378,0.0
P0126,Radiology,South,In Network,0.8,Low,LOW_SIGNAL,452,438,297601.2,658.4097345132743,1.0319634703196348,0.0,0.2610619469026549,-6.779661016949152,-15.485588069790218,0.0
P0058,Neurology,West,In Network,0.7,Low,LOW_SIGNAL,424,412,280899.09,662.497853773585,1.029126213592233,0.0,0.25943396226415094,-1.639344262295082,8.595612849327319,0.0
P0235,Cardiology,South,In Network,0.7,Low,LOW_SIGNAL,302,297,187764.71,621.7374503311258,1.0168350168350169,0.0,0.24503311258278146,-16.0,0.059676211538015035,0.0
P0036,Family Medicine,Northeast,In Network,0.7,Low,LOW_SIGNAL,356,349,229674.51,645.1531179775282,1.0200573065902578,0.0,0.24719101123595505,-4.081632653061225,8.26054157257737,0.0
P0345,Oncology,Midwest,In Network,0.7,Low,LOW_SIGNAL,198,196,128099.65,646.9679292929293,1.010204081632653,0.0,0.2676767676767677,4.3478260869565215,-22.907291689966424,0.0
P0269,Oncology,South,In Network,0.4,Low,LOW_SIGNAL,294,291,190591.21,648.2694217687075,1.0103092783505154,0.0,0.2687074829931973,-15.789473684210526,-11.04730725218785,0.0
P0094,Cardiology,Northeast,In Network,0.3,Low,LOW_SIGNAL,138,135,85981.4,623.0536231884057,1.0222222222222221,0.0,0.2391304347826087,-6.666666666666667,-8.229143406175792,0.0
P0095,Urology,South,In Network,0.3,Low,LOW_SIGNAL,337,326,216885.72,643.5778041543027,1.0337423312883436,0.0,0.2551928783382789,-2.4390243902439024,-25.964206847684753,0.0
P0070,Gastroenterology,Northeast,In Network,0.2,Low,LOW_SIGNAL,280,274,182080.8,650.2885714285713,1.0218978102189782,0.0,0.25,-2.857142857142857,-5.2350124699963,0.0
